Name,Allegiances,Death_Year,Book_of_Death,Death_Chapter,Book_Intro_Chapter,Male,Nobility,Book1,Book2,Book3,Book4,Book5
Addam Marbrand,Lannister,,,,56,1,1,1,1,1,1,0
Aegon Frey (Jinglebell),,299,3,51,49,1,1,0,0,1,0,0
Aegon Targaryen,Targaryen,,,,5,1,1,0,0,0,0,1
Adrack Humble,Greyjoy,300,5,20,20,1,1,0,0,0,0,1
Aemon Costayne,Lannister,,,,,1,1,0,0,1,0,0
Aemon Estermont,Baratheon,,,,,1,1,0,1,1,0,0
Aemon Targaryen (son of Maekar I),Night Watch,300,4,35,21,1,1,1,0,1,1,0
Aenys Frey,,300,5,,59,0,1,1,1,1,0,1
Aeron Greyjoy,Greyjoy,,,,11,1,1,0,1,0,1,0
Aethan,Night Watch,,,,0,1,0,0,0,1,0,0
Aggar,Greyjoy,299,2,56,50,1,0,0,1,0,0,0
Aggo,Targaryen,,,,54,1,0,1,1,1,0,1
Alan of Rosby,Night Watch,300,5,4,18,1,1,0,1,1,0,1
Alayaya,,,,,15,0,0,0,1,0,0,0
Albar Royce,Arryn,,,,38,1,1,1,0,0,1,0
Albett,Night Watch,,,,26,1,0,1,0,0,0,0
Alebelly,Stark,299,2,46,4,1,0,0,1,0,0,0
Alerie Hightower,Tyrell,,,,6,0,1,0,0,1,1,0
Alesander Staedmon,Baratheon,,,,65,1,1,0,1,0,0,0
Alester Florent,Baratheon,300,4,,36,1,1,0,1,1,0,0
Alia of Braavos,,,,,28,0,0,1,0,0,0,0
Alla Tyrell,Tyrell,,,,6,0,1,0,0,1,1,0
Allard Seaworth,Baratheon,299,2,10,10,1,1,0,1,0,0,0
Alliser Thorne,Night Watch,,,,19,1,0,1,1,1,0,1
Alyn,Stark,298,3,34,12,1,0,1,0,0,0,0
Alyn Ambrose,Tyrell,,,,59,1,1,0,1,0,1,0
Alyn Estermont,Baratheon,,,,,1,1,0,1,1,0,0
Alyn Stackspear,Lannister,,,,16,1,1,0,0,0,1,0
Alys Karstark,Stark,,,,44,0,1,0,0,0,0,1
Alysane Mormont,Stark,,,,35,0,1,0,0,0,0,1
Alyx Frey,,,,,49,1,1,0,0,1,0,0
Ambrode,Greyjoy,,,,24,1,0,0,1,0,0,0
Amory Lorch,Lannister,299,2,47,14,1,1,0,1,0,0,0
Andar Royce,Arryn,,,,29,1,1,1,0,0,0,0
Andrew Estermont,Baratheon,,,,36,1,1,0,0,1,0,0
Andrey Dalt,Martell,,,,21,1,1,0,0,0,1,0
Andrik,Greyjoy,,,,19,1,1,0,0,0,1,0
Anguy,,,,,30,1,0,1,0,1,0,0
Antario Jast,Lannister,,,,32,1,1,0,1,0,0,0
Anvil Ryn,,299,3,34,34,1,0,0,0,1,0,0
Anya Waynwood,Arryn,,,,38,0,1,1,0,0,1,0
Archibald Yronwood,Martell,,,,6,1,1,0,0,0,0,1
Ardrian Celtigar,Baratheon,,,,10,1,1,0,1,1,0,0
Areo Hotah,Martell,,,,2,1,0,0,0,0,1,1
Arianne Martell,Martell,,,,2,0,1,0,0,0,1,1
Arneld,Lannister,,,,59,1,0,0,1,0,0,0
Arnolf Karstark,Stark,,,,3,1,1,0,0,0,0,1
Aron Santagar,Lannister,299,2,41,18,1,1,1,1,0,0,0
Arron,Night Watch,,,,75,1,0,0,0,1,0,1
Arron Qorgyle,Martell,,,,38,1,1,0,0,1,0,0
Arryk (Guard),Tyrell,,,,6,1,0,0,0,1,1,0
Arson,Wildling,,,,26,1,0,0,0,1,0,0
Arthor Karstark,Stark,,,,62,1,1,0,0,0,0,1
Arwyn Frey,,,,,49,0,1,0,0,1,0,0
Arwyn Oakheart,Tyrell,,,,22,0,1,0,1,0,0,0
Arya Stark,Stark,,,,2,0,1,1,1,1,1,1
Arys Oakheart,Lannister,300,4,21,57,1,1,1,1,0,1,0
Asha Greyjoy,Greyjoy,,,,11,0,1,0,1,0,1,1
Aurane Waters,Lannister,,,,65,1,0,0,1,0,1,0
Axell Florent,Baratheon,,,,0,1,1,0,1,1,0,1
Azzak,,,,,2,1,1,0,0,0,0,1
Ballabar,Lannister,,,,4,1,0,0,1,0,0,0
Balon Swann,Lannister,,,,29,1,1,1,1,1,1,1
Bannen,Night Watch,299,3,33,0,1,0,0,0,1,0,0
Barbrey Dustin,Stark,,,,26,0,1,0,0,0,0,1
Barra,,299,2,39,35,0,0,1,0,0,0,0
Barristan Selmy,Targaryen,,,,15,1,1,1,1,1,0,1
Barsena,,300,5,52,11,0,0,0,0,0,0,1
Barth (brewer),Stark,,,,50,1,0,0,1,0,0,0
Bass,Night Watch,,,,52,1,0,1,0,0,0,0
Bayard Norcross,Tyrell,,,,28,1,1,0,0,0,1,0
Bearded Ben,Night Watch,,,,,1,0,0,0,0,1,0
Becca,Arryn,,,,12,0,0,1,0,0,0,0
Becca the Baker,,299,3,34,34,0,0,0,0,1,0,0
Bedwyck,Night Watch,,,,13,1,0,0,1,1,0,1
Belaquo,,,,,52,1,0,0,0,0,0,1
Bella,,,,,29,0,0,0,0,1,0,0
Bellegere Otherys (courtesan),,,,,34,0,1,0,0,0,1,0
Bellonara Otherys,,,,,34,0,1,0,0,0,1,0
Belwas,Targaryen,,,,63,1,0,0,1,1,0,1
Ben,,,,,37,1,0,0,0,0,1,0
Ben Bones,,,,,12,1,0,0,0,0,0,1
Ben Plumm,,,,,57,1,0,0,0,1,0,1
Benedar Belmore,Arryn,,,,23,1,1,0,0,0,1,0
Benfred Tallhart,Stark,299,2,37,16,1,1,0,1,0,0,0
Benfrey Frey,,299,5,51,51,1,1,0,0,1,0,0
Benjen Stark,Night Watch,298,1,24,5,1,1,1,0,0,0,0
Bennet,,300,4,31,31,1,0,0,0,0,1,0
Beric Dondarrion,,300,4,27,42,1,1,1,0,1,0,0
Bessa (Winterfell),Stark,,,,37,0,0,1,0,0,0,0
Beth Cassel,Stark,,,,7,0,1,1,1,0,0,0
Bhakaz zo Loraq,,,,,2,1,1,0,0,0,0,1
Big Boil,Wildling,,,,41,1,0,0,0,1,0,0
Big Walder Frey,,,,,,1,1,1,1,0,0,1
Biter,,300,4,37,1,1,0,0,1,0,1,0
Black Bernarr,Night Watch,,,,18,1,0,0,0,1,0,1
Black Walder Frey,,,,,35,1,1,0,0,1,0,0
Blane,Night Watch,,,,23,1,0,0,1,0,0,0
Bloodbeard,,,,,25,1,0,0,0,0,0,1
Blue Bard,Tyrell,,,,12,1,0,0,0,0,1,0
Bonifer Hasty,Lannister,,,,65,1,1,0,1,0,1,0
Borcas,Night Watch,,,,48,1,0,1,0,0,0,0
Boremund Harlaw,Greyjoy,,,,11,1,1,0,0,0,1,0
Boros Blount,Baratheon,,,,8,1,1,1,1,1,1,1
Borroq,Wildling,,,,0,1,0,0,0,0,0,1
Bowen Marsh,Night Watch,,,,21,1,0,1,0,1,0,1
Bran Stark,Stark,,,,1,1,1,1,1,1,0,1
Brandon Norrey,Stark,,,,49,1,1,0,0,0,0,1
Brenett,,,,,49,1,0,0,0,1,0,0
Brienne of Tarth,Stark,,,,22,0,1,0,1,1,1,1
Bronn,Lannister,,,,28,1,1,1,1,1,0,0
Brown Bernarr,Night Watch,299,3,33,23,1,0,0,1,1,0,0
Brusco,,,,,22,1,0,0,0,0,1,1
Bryan Fossoway,Baratheon,299,2,62,42,1,1,1,1,0,0,0
Bryce Caron,Baratheon,299,2,65,29,1,1,1,1,0,0,0
Bryen,,,,,68,1,0,0,0,1,0,0
Bryen Farring,Baratheon,300,5,62,10,1,1,0,1,0,0,1
Brynden Rivers,Targaryen,,,,34,1,1,0,0,0,0,1
Brynden Tully,Tully,,,,2,1,1,1,1,1,1,0
Burton Crakehall,Lannister,299,2,7,55,1,1,1,1,0,0,0
Butterbumps,Tyrell,,,,6,1,0,0,0,1,0,0
Byam Flint,Night Watch,299,3,33,33,1,0,0,0,1,0,0
Byan Votyris,,,,,54,1,0,1,0,0,0,0
Byron,Arryn,,,,41,1,0,0,0,0,1,0
Cadwyn,Lannister,,,,47,1,0,0,1,0,0,0
Caleotte,Martell,,,,2,1,0,0,0,0,1,1
Catelyn Tully,Stark,299,3,51,2,0,1,1,1,1,0,0
Cayn,Stark,298,1,49,4,1,0,1,0,0,0,0
Cellador,Night Watch,,,,48,1,0,1,0,1,0,1
Cersei Frey,,,,,49,0,1,0,0,1,0,0
Cersei Lannister,Lannister,,,,4,0,1,1,1,1,1,1
Chataya,,,,,15,0,0,0,1,0,0,0
Chayle,Stark,299,2,50,9,1,0,1,1,0,0,0
Chella,Lannister,,,,56,0,0,1,1,1,0,0
Chett,Night Watch,299,3,46,41,1,0,1,1,1,0,0
Chiggen,Lannister,298,1,42,31,1,0,1,0,0,0,0
Chiswyck,,299,2,30,26,1,0,0,1,0,0,0
Clayton Suggs,Baratheon,,,,17,1,0,0,0,0,0,1
Clement Piper,Tully,,,,38,1,1,0,0,0,1,0
Cleos Frey,,299,3,21,7,1,1,0,1,1,0,0
Cley Cerwyn,Stark,299,2,66,16,1,1,0,1,0,0,0
Clubfoot Karl,Night Watch,300,5,4,0,1,0,0,0,1,0,1
Clydas,Night Watch,,,,41,1,0,1,0,1,1,1
Cohollo,,298,1,64,11,1,0,1,0,0,0,0
Coldhands,,,,,46,1,0,0,0,1,0,1
Colemon,Arryn,,,,34,1,0,1,0,1,1,0
Colen of Greenpools,Baratheon,,,,22,1,1,0,1,0,0,0
Conn,Lannister,298,1,62,42,1,0,1,0,0,0,0
Conwy,Night Watch,,,,6,1,0,0,1,0,0,0
Corliss Penny,Baratheon,,,,26,1,0,0,0,0,0,1
Cortnay Penrose,Baratheon,299,2,42,31,1,1,0,1,0,0,0
Cotter Pyke,Night Watch,,,,48,1,0,0,0,1,0,0
Cragorn,Greyjoy,300,4,29,19,1,0,0,0,0,1,0
Craster,,299,3,33,23,1,0,0,1,1,0,0
Cregan Karstark,Stark,,,,44,1,1,0,0,0,0,1
Creighton Longbough,,,,,4,1,0,0,0,0,1,0
Cressen,Baratheon,299,1,0,0,1,0,0,1,0,0,0
Cuger,Night Watch,,,,,1,0,1,0,0,0,0
Cutjack,,,,,5,1,0,0,1,0,0,0
Daario Naharis,Targaryen,,,,42,1,0,0,0,1,0,1
Dacey Mormont,Stark,299,3,51,63,0,1,1,0,1,0,0
Daemon Sand,Martell,,,,38,1,0,0,0,1,0,1
Daenerys Targaryen,Targaryen,,,,3,0,1,1,1,1,0,1
Dagon Codd,Greyjoy,300,5,20,20,1,1,0,0,0,0,1
Dagmer,Greyjoy,,,,11,1,0,0,1,0,0,0
Dalbridge,Night Watch,299,2,53,43,1,0,0,1,0,0,0
Dale Seaworth,Baratheon,299,2,58,10,1,1,0,1,0,0,0
Dalla,Wildling,300,3,76,73,0,1,0,0,1,0,0
Dalla (Dragonstone),Baratheon,,,,0,0,0,0,1,0,0,0
Damon Dance-for-Me,,,,,12,1,0,0,0,0,0,1
Damon Vypren,,,,,49,1,1,0,0,1,0,0
Dancy,,,,,29,0,0,0,1,0,0,0
Danwell Frey,,,,,59,1,1,1,1,1,1,0
Dareon,Night Watch,300,4,34,19,1,0,1,0,0,1,0
Daryn Hornwood,Stark,298,1,63,63,1,1,1,0,0,0,0
Daven Lannister,Lannister,,,,12,1,1,0,0,0,1,0
Davos Seaworth,Baratheon,,,,0,1,1,0,1,1,0,1
Del,Wildling,299,3,41,41,1,0,0,0,1,0,0
Delp,Tully,299,3,20,39,1,0,0,1,1,0,0
Denys Drumm,Greyjoy,,,,19,1,1,0,0,0,1,0
Denys Mallister,Night Watch,,,,48,1,1,0,0,1,0,0
Dermot,Baratheon,,,,65,1,0,0,1,0,1,0
Desmond,Stark,298,1,50,1,1,0,1,0,0,0,0
Desmond Grell,Tully,,,,7,1,1,0,1,1,1,0
Devan Seaworth,Baratheon,,,,10,1,1,0,1,1,0,1
Deziel Dalt,Martell,,,,38,1,1,0,0,1,0,1
Dhazzar,,,,,2,1,1,0,0,0,0,1
Dick Crabb,,300,4,20,9,1,0,0,0,0,1,0
Dick Follard,Night Watch,299,3,55,41,1,0,0,0,1,0,0
Dickon Manwoody,Martell,,,,38,1,1,0,0,1,0,0
Dirk,Night Watch,300,5,4,0,1,0,0,0,1,0,1
Dobber,,299,2,14,5,1,0,0,1,0,0,0
Donal Noye,Night Watch,300,3,64,19,1,0,1,1,1,0,0
Donella Hornwood,Stark,299,2,35,16,0,1,0,1,0,0,0
Donnel Drumm,Greyjoy,,,,19,1,1,0,0,0,1,0
Donnel Haigh,,,,,49,1,1,0,0,1,0,0
Donnel Hill,Night Watch,,,,0,1,0,0,0,1,0,1
Donnel Locke,Stark,299,3,51,25,1,1,0,1,1,0,0
Donnel Waynwood,Tully,,,,34,1,1,1,0,0,0,0
Donnis,Stark,,,,7,1,0,1,0,0,0,0
Dontos Hollard,,300,3,61,57,1,1,1,1,1,0,0
Donyse,,,,,72,0,0,0,0,1,0,0
Doran Martell,Martell,,,,2,1,1,0,0,0,1,1
Doreah,Targaryen,299,2,12,11,0,0,1,1,0,0,0
Dornish Dilly,Night Watch,299,3,55,55,1,0,0,0,1,0,0
Draqaz,,,,,2,1,1,0,0,0,0,1
Drennan,Greyjoy,299,2,50,50,1,0,0,1,0,0,0
Drogo,Targaryen,298,1,64,3,1,1,1,0,0,0,0
Dudley,Stark,299,3,34,34,1,0,0,0,1,0,0
Dunsen,,,,,26,1,0,0,1,0,0,0
Dunstan Drumm,Greyjoy,,,,19,1,1,0,0,0,1,0
Duram Bar Emmon,Baratheon,,,,0,1,1,0,1,0,0,0
Dykk Harlaw,Greyjoy,299,2,66,66,1,0,0,1,0,0,0
Dywen,Night Watch,,,,48,1,0,1,1,1,0,1
Easy,Night Watch,300,3,55,55,1,0,0,0,1,0,0
Ebben,Night Watch,299,2,68,43,1,0,0,1,0,0,0
Eddard Karstark,Stark,298,1,63,53,1,1,1,0,0,0,0
Eddard Stark,Stark,299,1,65,1,1,1,1,0,0,0,0
Eddison Tollett,Night Watch,,,,13,1,0,0,1,1,1,1
Edmure Tully,Tully,,,,28,1,1,1,1,1,1,0
Edric Dayne,,,,,34,1,1,0,0,1,0,0
Edric Storm,Baratheon,,,,10,1,0,0,0,1,0,0
Edwyn Frey,,,,,38,1,1,0,0,1,1,0
Eggon,,,,,30,1,0,0,1,0,0,0
Elder Brother,,,,,31,1,0,0,0,0,1,0
Eldred Codd,Greyjoy,,,,18,1,1,0,0,0,1,0
Eleyna Westerling,Stark,,,,45,0,1,0,0,1,1,0
Elinor Tyrell,Tyrell,,,,6,0,1,0,0,1,1,0
Ellaria Sand,Martell,,,,38,0,1,0,0,1,0,1
Elmar Frey,,,,,59,1,1,1,1,1,0,0
Elyas Willum,Baratheon,,,,22,1,1,0,1,0,0,0
Emmon Cuy,Baratheon,299,2,42,33,1,1,0,1,0,0,0
Emmon Frey,Lannister,,,,29,1,1,1,0,0,1,0
Emmond,Greyjoy,,,,1,1,0,0,0,0,1,0
Emrick,Night Watch,,,,75,1,0,0,0,1,0,1
Endehar,Greyjoy,,,,56,1,0,0,1,0,0,0
Elwood,Tully,299,3,20,20,1,0,0,0,1,0,0
Endrew Tarth,Night Watch,299,3,69,60,1,0,1,0,1,0,0
Enger,Tully,,,,39,1,0,0,1,0,0,0
Eon Hunter,Arryn,300,3,80,38,1,1,1,0,1,0,0
Erik Ironmaker,Greyjoy,,,,19,1,1,0,0,0,1,0
Ermesande Hayford,,,,,2,0,1,0,1,1,1,0
Eroeh,Targaryen,298,1,68,61,1,0,1,0,0,0,0
Erreck,,,,,12,1,0,0,0,1,0,0
Erryk (Guard),Tyrell,,,,6,1,0,0,0,1,1,0
Esgred,Greyjoy,,,,24,1,0,0,1,0,0,0
Ezzara,Targaryen,,,,30,0,0,0,0,0,0,1
Falia Flowers,Greyjoy,,,,29,0,0,0,0,0,1,0
Falyse Stokeworth,Lannister,300,5,36,2,0,1,0,1,0,1,0
Farlen,Stark,299,2,56,46,1,0,0,1,0,0,0
Fat Walda Frey,,,,,37,0,1,0,0,1,0,1
Flement Brax,Lannister,,,,56,1,1,1,0,1,1,0
Fletcher Will,,299,3,34,34,1,0,0,0,1,0,0
Fogo,,298,1,61,46,1,1,1,0,0,0,0
Forley Prester,Lannister,,,,33,1,1,0,0,0,1,0
Fornio,Night Watch,,,,33,1,0,0,0,1,0,0
Frenken,Lannister,,,,15,1,0,0,1,1,0,0
Frenya,Wildling,300,5,69,37,0,0,0,0,0,0,1
Frynne,Martell,,,,40,0,0,0,0,0,1,0
Gage,Stark,,,,4,1,1,0,1,0,0,0
Galazza Galare,,,,,23,0,1,0,0,0,0,1
Galbart Glover,Stark,,,,55,1,1,1,0,1,0,0
Gared,Night Watch,297,1,1,0,1,0,1,0,0,0,0
Garin (Orphan),Martell,,,,21,1,0,0,0,0,1,0
Gariss,Stark,,,,50,1,0,0,1,0,0,0
Garlan Tyrell,Tyrell,,,,62,1,1,0,1,1,1,0
Garrett Paege,Lannister,,,,30,1,1,0,0,0,1,0
Garse Goodbrook,,299,3,,,1,1,0,0,1,0,0
Garth Greyfeather,Night Watch,300,5,31,48,1,0,0,0,1,0,1
Garth of Greenaway,Night Watch,300,5,4,33,1,0,0,0,1,0,1
Garth of Oldtown,Night Watch,299,3,33,33,1,0,0,0,1,0,0
Gawen Westerling,Stark,,,,33,1,1,0,0,0,1,0
Gelmarr,Greyjoy,299,2,56,50,1,0,0,1,0,0,0
Gendry,,,,,27,1,0,1,1,1,1,0
Genna Lannister,Lannister,,,,33,0,1,0,0,0,1,0
Gerald Gower,Baratheon,,,,54,1,1,0,0,1,0,0
Gerold Dayne,Martell,,,,13,1,1,0,0,0,1,0
Gerren,,299,2,19,14,1,0,0,1,0,0,0
Gerris Drinkwater,Martell,,,,6,1,1,0,0,0,0,1
Gevin Harlaw,Greyjoy,299,2,66,37,1,1,0,1,0,0,0
Ghael,,,,,71,1,0,0,0,1,0,1
Ghost of High Heart,,,,,22,0,0,0,0,1,0,0
Gillam,,,,,31,1,0,0,0,0,1,0
Gilly,Wildling,,,,23,0,0,0,1,1,1,1
Gilwood Hunter,Arryn,,,,80,1,1,0,0,1,0,0
Gladden Wylde,Stark,298,1,55,43,1,1,1,0,0,0,0
Glendon Hewett,Night Watch,,,,69,1,0,0,0,1,0,0
Goady,Night Watch,,,,0,1,0,0,0,1,0,0
Godric Borrell,,,,,9,1,1,0,0,0,0,1
Godry Farring,Baratheon,,,,3,1,1,0,0,0,0,1
Godwyn,Lannister,,,,32,1,0,1,0,0,0,0
Goghor,,,,,52,1,0,0,0,0,0,1
Gormond Goodbrother,Greyjoy,,,,1,1,1,0,0,0,1,0
Gorold Goodbrother,Greyjoy,,,,1,1,1,0,0,0,1,0
Gran Goodbrother,Greyjoy,,,,1,1,1,0,0,0,1,0
Grazdan,,299,3,27,27,1,1,0,0,1,0,0
Grazdan mo Eraz,,,,,42,1,1,0,0,1,0,0
Grazdan mo Ullhor,,299,3,27,27,1,1,0,0,1,0,0
Grazdan zo Galare,,,,,2,1,1,0,0,0,0,1
Grazdar zo Galare,,,,,2,1,1,0,0,0,0,1
Gregor Clegane,Lannister,300,4,72,29,1,1,1,1,1,0,0
Grenn,Night Watch,,,,19,1,0,1,1,1,1,1
Grey Worm,Targaryen,,,,42,1,0,0,0,1,0,1
Greydon Goodbrother,Greyjoy,,,,1,1,1,0,0,0,1,0
Grigg,Wildling,,,,30,1,0,0,0,1,0,0
Grisel,,,,,68,0,0,0,0,1,0,0
Groleo,Targaryen,300,5,59,,1,0,0,0,1,0,1
Grubbs,Night Watch,300,5,4,0,1,0,0,0,1,0,1
Grunt,,,,,12,1,0,0,0,0,0,1
Gueren,Night Watch,,,,38,1,0,1,0,0,0,0
Guncer Sunglass,Baratheon,299,3,10,0,1,1,0,1,1,0,0
Guyard Morrigen,Baratheon,299,2,62,22,1,1,0,1,0,0,0
Gwin Goodbrother,Greyjoy,,,,1,0,1,0,0,0,1,0
Gylbert Farwynd,Greyjoy,,,,19,1,1,0,0,0,1,0
Gyles Farwynd,Greyjoy,,,,19,1,1,0,0,0,1,0
Gyles Grafton,Arryn,,,,41,1,1,0,0,0,1,0
Gyles Rosby,Lannister,300,4,39,57,1,1,1,1,1,1,0
Gynir,Greyjoy,299,2,56,50,1,0,0,1,0,0,0
Gysella Goodbrother,Greyjoy,,,,1,0,1,0,0,0,1,0
Haggo,,298,1,64,11,1,0,1,0,0,0,0
Hairy Hal,Night Watch,300,5,31,55,1,0,0,0,1,1,1
Hake,Night Watch,299,3,46,52,1,0,1,1,1,0,0
Halder,Night Watch,,,,19,1,0,1,0,1,0,0
Haldon,Targaryen,,,,8,1,0,0,0,0,0,1
Hali,Wildling,298,1,37,37,0,0,1,0,0,0,0
Hallis Mollen,Stark,,,,14,1,1,1,1,0,0,0
Hallyne,Lannister,,,,17,1,0,0,1,0,1,0
Halys Hornwood,Stark,298,1,62,53,1,1,1,0,0,0,0
Hamish the Harper,,300,5,43,32,1,0,0,0,1,1,0
Hareth (Mole Town),Night Watch,,,,64,1,0,0,0,1,0,1
Harghaz,,300,5,70,52,1,0,0,0,0,0,1
Harma,Wildling,300,3,75,0,0,1,0,0,1,0,0
Harmund Sharp,Greyjoy,,,,19,1,1,0,0,0,1,0
Harmune,Night Watch,,,,78,1,0,0,0,0,0,1
Harra,,299,2,64,26,0,0,0,1,0,0,0
Harrag Sharp,Greyjoy,299,5,19,66,1,1,0,1,0,1,0
Harras Harlaw,Greyjoy,,,,11,1,1,0,0,0,1,0
Harwood Fell,Baratheon,300,5,42,17,1,1,0,0,0,0,1
Hazzea,,300,5,11,11,0,0,0,0,0,0,1
Harrion Karstark,Stark,,,,53,1,1,1,1,0,0,0
Harry Strickland,,,,,24,1,0,0,0,0,0,1
Harwin,Stark,,,,1,1,0,1,0,1,1,0
Harwood Stout,Stark,,,,32,1,1,0,0,0,0,1
Harys Haigh,,,,,64,1,1,0,1,1,0,0
Harys Swyft,Lannister,,,,69,1,1,1,1,1,1,1
Helman Tallhart,Stark,299,3,37,55,1,1,1,0,1,0,0
Henly (Maester),,,,,37,1,0,0,0,0,0,1
Heward,Stark,298,1,35,35,1,0,1,0,0,0,0
High Sparrow,,,,,4,1,0,0,0,0,1,1
Hobb,Night Watch,,,,52,1,0,1,0,1,0,1
Hobber Redwyne,Tyrell,,,,27,1,1,1,1,1,1,0
Hod,,,,,5,1,0,0,1,0,0,0
Hodor,Stark,,,,24,1,0,1,1,1,0,1
Holger,,,,,49,1,0,0,1,0,0,0
Holly,Wildling,300,5,69,37,0,0,0,0,0,0,1
Hop-Robin,Night Watch,,,,75,1,0,0,0,1,0,1
Horas Redwyne,Tyrell,,,,27,1,1,1,1,0,1,0
Horton Redfort,Arryn,,,,23,1,1,0,0,0,1,0
Hosteen Frey,,,,,59,1,1,1,1,1,0,1
Hoster Tully,Tully,299,3,35,71,1,1,1,1,1,0,0
Hot Pie,,,,,1,1,0,0,1,1,0,0
Hother Umber,Stark,,,,16,1,1,0,1,0,0,1
Howd Wanderer,Wildling,,,,58,1,1,0,0,0,0,1
Hubard Rambton,Baratheon,299,5,10,10,1,1,0,1,0,0,0
Hugh,Arryn,298,1,29,25,1,0,1,0,0,0,0
Hugo Vance,Tully,,,,30,1,1,0,0,0,1,0
Hullen,Stark,298,1,50,1,1,0,1,0,0,0,0
Humfrey Swyft,Lannister,,,,16,1,1,0,0,0,1,0
Husband,,,,,11,1,0,0,0,1,0,0
Hyle Hunt,,300,4,42,14,1,1,0,0,0,1,0
Iggo,,299,3,3,3,1,0,0,0,1,0,0
Illyrio Mopatis,Targaryen,,,,3,1,1,1,0,0,0,1
Ilyn Payne,Lannister,,,,15,1,1,1,1,1,1,0
Imry Florent,Baratheon,299,3,4,58,1,1,0,1,1,0,0
Iron Emmett,Night Watch,,,,79,1,0,0,0,1,0,1
Irri,Targaryen,,,,11,0,0,1,1,1,0,1
Ithoke,,,,,11,1,0,0,0,0,0,1
Jacelyn Bywater,Lannister,299,2,19,8,0,1,0,1,0,0,0
Jack Bulwer,Night Watch,300,5,31,64,1,0,0,0,1,1,1
Jack-Be-Lucky,,,,,17,1,0,0,0,1,1,0
Jacks,Stark,,,,22,1,0,1,1,0,0,0
Jaggot,,,,,42,1,0,1,0,0,0,0
Jaime Lannister,Lannister,,,,5,1,1,1,1,1,1,1
Jalabhar Xho,,,,,29,1,1,1,1,1,1,0
Janna Tyrell,Tyrell,,,,6,0,1,0,0,1,1,0
Janos Slynt,,300,5,7,27,1,1,1,1,1,0,1
Jaqen Hghar,,,,,5,1,0,0,1,0,1,0
Jared Frey,,300,5,37,59,1,1,1,1,0,0,1
Jaremy Rykker,Night Watch,298,5,60,21,1,1,1,0,0,0,0
Jarl,Wildling,299,3,26,7,1,0,0,0,1,0,0
Jarman Buckwell,Night Watch,300,5,21,13,1,0,0,1,0,0,1
Jason Mallister,Stark,,,,28,1,1,1,0,1,0,0
Jate,Lannister,,4,44,44,1,0,0,0,0,1,0
Jate Blackberry,Baratheon,,3,10,10,1,0,0,0,1,0,0
Jeor Mormont,Night Watch,299,3,33,48,1,1,1,1,1,0,0
Jeren,Night Watch,,,,19,1,0,1,0,0,0,0
Jeyne Poole,Stark,,,,7,0,1,1,0,1,0,1
Jeyne Westerling,Stark,,,,14,0,1,0,0,1,1,0
Jhaqo,,,,,68,1,1,1,0,0,0,1
Jhezane,,,,,2,0,1,0,0,0,0,1
Jhiqui,Targaryen,,,,11,0,0,1,1,1,0,1
Jhogo,Targaryen,,,,23,1,0,1,1,1,0,1
Jocelyn Swyft,Lannister,,,,3,0,1,0,0,0,1,1
Jodge,Lannister,,,,30,1,0,0,1,0,0,0
Jojen Reed,Stark,,,,21,1,1,0,1,1,0,1
Jommy,Baratheon,,,,0,1,0,0,1,0,0,0
Jon Bettley,Lannister,,,,16,1,1,0,0,0,1,0
Jon Connington,Targaryen,,,,5,1,1,0,0,0,0,1
Jon Fossoway,Baratheon,,,,22,1,1,0,1,0,0,0
Jon Snow,Night Watch,,,,1,1,1,1,1,1,1,1
Jon Umber (Greatjon),Stark,,,,51,1,1,1,1,1,0,0
Joffrey Baratheon,Lannister,300,3,60,5,1,1,1,1,1,0,0
Jon Umber (Smalljon),Stark,299,3,51,63,1,1,1,0,1,0,0
Jonelle Cerwyn,Stark,,,,53,0,1,1,0,0,0,0
Jonos Bracken,Tully,,,,28,1,1,1,0,1,0,1
Jorah Mormont,Targaryen,,,,23,1,1,1,1,1,0,1
Jory Cassel,Stark,298,1,35,1,1,1,1,0,0,0,0
Joseran,Greyjoy,,,,11,1,0,0,0,0,1,0
Joseth,Stark,,,,37,1,0,1,1,0,0,0
Josmyn Peckledon,Lannister,,,,65,1,0,0,1,1,1,1
Joss,,,,,43,1,0,1,0,0,0,0
Joss Stilwood,Lannister,,,,,1,0,1,0,0,0,0
Josua Willum,Baratheon,,,,22,1,1,0,1,0,0,0
Jothos Slynt,Lannister,,,,66,1,1,0,0,1,0,0
Joyeuse Erenford,,,,,28,0,1,1,0,1,0,0
Justin Massey,Baratheon,,,,7,1,1,0,0,0,0,1
Jyck,Lannister,298,1,31,21,1,0,1,0,0,0,0
Jynessa Blackmont,Martell,,,,38,0,1,0,0,1,0,0
Karyl Vance,Tully,,,,43,1,1,1,0,1,1,0
Kedge Whiteye,Night Watch,,,,43,1,0,0,1,1,1,0
Kella,,,,,68,0,0,0,0,1,0,0
Kennos of Kayce,Lannister,,,,6,1,1,0,0,1,1,1
Ketter,Night Watch,,,,52,1,0,1,0,0,0,0
Kenned,Greyjoy,299,2,66,66,1,0,0,1,0,0,0
Kerwin,Tyrell,300,5,56,29,1,0,0,0,0,1,1
Kevan Lannister,Lannister,300,5,,56,1,1,1,1,1,1,1
Kezmya,,,,,2,0,1,0,0,0,0,1
Khorane Sathmantes,,,,,10,1,0,0,0,1,0,0
Khrazz,,300,5,67,11,1,0,0,0,0,0,1
Kindly man,,,,,6,1,0,0,0,0,1,1
Kojja Mo,,,,,35,0,0,0,0,0,1,0
Koss,Night Watch,299,2,14,5,1,0,0,1,0,0,0
Kraznys mo Nakloz,,299,3,27,23,1,1,0,0,1,0,0
Kromm,Greyjoy,299,2,66,56,1,0,0,1,0,0,0
Kurleket,,298,1,31,31,1,0,1,0,0,0,0
Kurz,Night Watch,299,2,19,5,1,0,0,1,0,0,0
Kyle (Banners),,299,3,39,39,1,0,0,0,1,0,0
Kyra,Stark,300,5,12,37,0,0,1,1,0,0,1
Lady of the Leaves,,,,,22,0,0,0,0,1,0,0
Lambert Turnberry,Lannister,,,,7,1,1,0,0,0,1,0
Lamprey,Baratheon,,,,25,1,0,0,0,1,0,0
Lancel Lannister,Lannister,,,,47,1,1,1,1,1,1,1
Lanna (Happy Port),,,,,34,0,0,0,0,0,1,0
Lark,Night Watch,299,3,46,23,1,0,0,1,1,0,0
Larra Blackmont,Martell,,,,38,0,1,0,0,1,0,0
Larraq,Targaryen,,,,59,1,0,0,0,0,0,1
Leathers,Night Watch,,,,35,1,0,0,0,0,0,1
Left Hand Lew,Night Watch,,,,48,1,0,0,0,1,0,1
Lem,,,,,13,1,0,0,0,1,1,0
Lennocks,,,,34,34,1,0,0,0,1,0,0
Lenwood Tawney,Greyjoy,,,,18,1,0,0,0,0,1,0
Leo Lefford,Lannister,299,2,45,62,1,1,1,1,0,0,0
Leo Tyrell,Tyrell,,,,0,1,1,0,0,0,1,0
Leobald Tallhart,Stark,299,2,66,16,1,1,0,1,0,0,0
Leona Woolfield,Stark,,,,19,0,1,0,0,0,0,1
Leonette Fossoway,Tyrell,,,,6,0,1,0,0,1,0,0
Lew,Stark,,,,7,1,0,1,0,0,0,0
Lewis Lanster,,,,,25,1,0,0,0,0,0,1
Lewys Lydden,Lannister,,,,62,1,1,1,1,0,0,0
Lewys Piper,Lannister,,,,27,1,1,0,0,0,1,0
Lharys,Stark,298,1,34,31,1,1,1,0,0,0,0
Little Walder Frey,,300,5,51,59,1,1,1,1,0,0,1
Lollys Stokeworth,Lannister,,,,2,0,1,0,1,1,0,0
Lommy,Night Watch,299,2,19,1,1,0,0,1,0,0,0
Loras Tyrell,Tyrell,,,,18,1,1,1,1,1,1,0
Lorcas,,,,,45,1,0,0,0,0,1,0
Lord of Bones,Wildling,300,5,10,68,1,1,0,1,1,0,1
Lorent Caswell,Baratheon,,,,22,1,1,0,1,0,0,0
Lorren,Greyjoy,299,2,66,37,1,0,0,1,0,0,0
Lothar Frey,,,,,35,1,1,0,0,1,0,0
Lothor Brune,,,,,29,1,1,1,1,1,1,0
Lucan,,299,2,64,38,1,0,0,1,0,0,0
Lucas Blackwood,Tully,299,3,51,22,1,1,0,1,1,0,0
Lucas Codd,Greyjoy,,,,11,1,1,0,0,0,1,0
Lucias Vypren,,,,,49,1,1,0,0,1,0,0
Luco Prestayn,,,,,22,1,0,0,0,0,1,0
Luke of Longtown,Night Watch,,,,35,1,0,0,0,0,0,1
Luton,,300,5,51,37,1,0,0,0,0,0,1
Luwin,Stark,299,2,69,14,1,0,1,1,0,0,0
Lyle Crakehall,Lannister,,,,12,1,1,0,0,0,1,0
Lyman Darry,Tully,299,3,7,71,1,1,1,1,0,0,0
Lymond Goodbrook,Tully,,,,45,1,1,0,0,1,0,0
Lymond Lychester,Tully,,,,22,1,1,0,0,1,0,0
Lyn Corbray,Arryn,,,,38,1,1,1,0,0,1,0
Lyonel,,,,,38,1,0,0,1,0,0,0
Lysa Tully,Arryn,300,3,,34,0,1,1,0,1,0,0
Lysono Maar,,,,,24,1,0,0,0,0,0,1
Mace Tyrell,Tyrell,,,,62,1,1,0,1,1,1,1
Mad Huntsman,,,,,29,1,0,0,0,1,0,0
Maege Mormont,Stark,,,,53,0,1,1,0,1,0,0
Maerie (Goodwife),,299,3,34,34,0,0,0,0,1,0,0
Maerie (Whore),,299,3,34,34,0,0,0,0,1,0,0
Mag Mar Tun Doh Weg,Wildling,300,3,64,15,1,1,0,0,1,0,0
Mago,,,,,61,1,0,1,0,0,0,0
Mallador Locke,Night Watch,299,5,18,13,1,0,0,1,1,0,0
Malliard,Lannister,,,,20,1,0,0,1,0,0,0
Mallor,Lannister,,,,63,1,0,1,0,0,0,0
Mance Rayder,Wildling,,,,15,1,1,0,0,1,0,1
Mandon Moore,Baratheon,299,2,61,51,1,1,1,1,0,0,0
Maric Seaworth,Baratheon,299,2,58,10,1,1,0,1,0,0,0
Marei,,,,,29,0,0,0,1,0,0,0
Margaery Tyrell,Tyrell,,,,22,0,1,0,1,1,1,0
Marillion,Arryn,300,4,23,28,1,0,1,0,1,1,0
Maris,Wildling,,,,58,0,0,0,0,0,0,1
Marissa Frey,,,,,49,0,1,0,0,1,1,0
Mariya Darry,,,,,30,0,1,0,0,0,1,0
Mark Mullendore,Tully,,,,22,1,1,0,1,0,0,0
Marlon Manderly,Stark,,,,19,1,1,0,0,0,0,1
Maron Volmark,Greyjoy,,,,18,1,1,0,0,0,1,0
Marq Piper,Tully,,,,56,1,1,1,0,1,0,0
Martyn Rivers,,,,,29,1,1,1,1,1,0,0
Marwyn,,,,,0,1,0,0,0,0,1,0
Marwyn Belmore,Arryn,,,,10,1,1,0,0,0,1,0
Masha Heddle,Tully,298,1,56,28,0,0,1,0,0,0,0
Maslyn,Night Watch,299,3,18,0,1,0,0,0,1,0,0
Mathis Rowan,Lannister,,,,22,1,1,0,1,1,1,0
Mathos Mallarawan,,,,,40,1,1,0,1,0,0,0
Matrice,Baratheon,,,,0,0,0,0,1,0,0,0
Matthos Seaworth,Baratheon,299,2,58,10,1,1,0,1,0,0,0
Matthar,Night Watch,,,,41,1,0,1,0,0,0,0
Mawney,Night Watch,300,5,4,18,1,0,0,0,1,0,1
Mebble,,,,,47,1,0,0,1,0,0,0
Medger Cerwyn,Stark,299,2,30,53,1,1,1,1,0,0,0
Meera Reed,Stark,,,,21,0,1,0,1,1,0,1
Megga Tyrell,Tyrell,,,,6,0,1,0,0,1,1,0
Meha,Wildling,,,,0,0,0,0,0,0,0,1
Mela,Arryn,,,,23,0,0,0,0,0,1,0
Meldred Merlyn,Greyjoy,,,,1,1,1,0,0,0,1,0
Meliana,Stark,,,,69,0,0,0,0,1,0,0
Melisandre,Baratheon,,,,0,0,0,0,1,1,0,1
Mellei,Martell,,,,40,0,0,0,0,0,1,0
Melly,,,,,34,0,0,0,0,1,0,0
Meredyth Crane,Tyrell,,,,61,0,1,0,0,1,1,0
Meribald,,,,,25,1,0,0,0,0,1,0
Merlon Crakehall,Lannister,,,,38,1,1,0,0,1,0,0
Mero,,299,3,57,42,1,0,0,0,1,0,0
Merrett Frey,,300,3,,59,1,1,1,0,1,0,0
Meryn Trant,Lannister,,,,8,1,1,1,1,1,1,1
Mezzara,,,,,2,0,1,0,0,0,0,1
Mikken,Stark,299,2,46,8,1,0,1,1,0,0,0
Miklaz,,,,,2,1,1,0,0,0,0,1
Mirri Maz Duur,,299,1,72,61,0,0,1,0,0,0,0
Missandei,Targaryen,,,,23,0,0,0,0,1,0,1
Mohor,,298,1,31,31,1,1,1,0,0,0,0
Mollander,,,,,0,1,0,0,0,0,1,0
Monford Velaryon,Baratheon,299,3,25,0,1,1,0,1,0,0,0
Monster,Wildling,,,,33,1,0,0,0,1,1,1
Moon Boy,Baratheon,,,,29,1,0,1,1,1,1,0
Moqorro,Greyjoy,,,,33,1,0,0,0,0,0,1
Mord,Arryn,,,,38,1,0,1,0,0,1,0
Mordane,Stark,298,1,67,7,0,0,1,0,0,0,0
Moreo Tumitis,,,,,18,1,0,1,0,0,0,0
Morgarth,,,,,41,1,0,0,0,0,1,0
Morna White Mask,Wildling,,,,48,0,1,0,0,0,0,1
Moro,,,,,3,1,1,1,0,0,0,0
Morra,Martell,,,,40,0,0,0,0,0,1,0
Morrec,Lannister,298,1,31,13,1,0,1,0,0,0,0
Morros Slynt,Lannister,,,,2,1,1,0,1,1,0,0
Mors Manwoody,Martell,,,,38,1,1,0,0,1,0,0
Mors Umber,Stark,,,,21,1,1,0,1,0,0,0
Morton Waynwood,Arryn,,,,40,1,1,1,0,0,0,0
Mudge (miller),,299,3,34,34,1,0,0,0,1,0,0
Mully,Night Watch,,,,55,1,0,0,0,1,1,1
Munciter,Lannister,,,,20,1,0,0,1,0,0,0
Murch,Night Watch,,,,9,1,0,0,1,0,0,0
Murch (Winterfell),Stark,,,,50,1,0,0,1,0,0,0
Mossador,Targaryen,300,5,11,11,1,0,0,0,1,0,1
Murenmure,Greyjoy,,,,1,1,0,0,0,0,1,0
Muttering Bill,Night Watch,300,5,4,,1,0,0,0,1,0,1
Mya Stone,Arryn,,,,34,0,0,1,0,0,1,0
Mycah,Stark,298,1,16,15,1,0,1,0,0,0,0
Myles,Martell,,,,2,1,0,0,0,0,1,1
Myles Manwoody,Martell,,,,38,1,1,0,0,1,0,0
Myranda Royce,Arryn,,,,41,0,1,0,0,0,1,0
Myrcella Baratheon,Lannister,,,,5,0,1,1,1,0,1,0
Myria Jordayne,Martell,,,,38,0,0,0,0,1,0,1
Myrtle,Wildling,300,5,69,37,0,0,0,0,0,0,1
Nage,,,,,44,1,0,0,0,1,0,0
Myles,Tully,299,2,39,39,1,0,0,1,0,0,0
Nan,Stark,,,,1,0,0,1,1,0,0,0
Narbert,,,,,31,1,0,0,0,0,1,0
Nestor Royce,Arryn,,,,34,1,1,1,0,0,1,0
Nolla,,299,3,34,34,0,0,0,0,1,0,0
Norjen,Greyjoy,,,,1,1,0,0,0,0,1,0
Nurse,,300,5,57,57,1,0,0,0,0,0,1
Notch,,,,,43,1,0,0,0,1,0,0
Nute,Greyjoy,,,,18,1,0,0,0,0,1,0
Nymella Toland,Martell,,,,38,0,1,0,0,0,0,1
Nymeria Sand,Martell,,,,2,0,1,0,0,0,1,1
Obara Sand,Martell,,,,2,0,1,0,0,0,1,1
Oberyn Martell,Martell,300,3,70,38,1,1,0,0,1,0,0
Ogo,,298,1,61,46,1,1,1,0,0,0,0
Old Henly,Night Watch,299,3,55,55,1,0,0,0,1,0,0
Olenna Redwyne,Tyrell,,,,19,0,1,0,0,1,1,0
Ollo Lophand,Night Watch,300,5,4,0,1,0,0,0,1,0,1
Olyvar Frey,,,,,59,1,1,1,0,0,0,0
Ondrew Locke,Stark,,,,37,1,1,0,0,0,0,1
Oppo,,300,4,17,60,1,0,0,0,1,1,0
Orell,Wildling,299,2,51,51,1,0,0,1,0,0,0
Orphan Oss,Night Watch,300,5,4,,1,0,0,0,1,0,1
Orton Merryweather,Lannister,,,,11,1,1,0,0,1,1,0
Osfryd Kettleblack,Lannister,,,,41,1,1,0,1,1,1,0
Osha,Stark,,,,37,0,0,1,1,0,0,0
Osmund Kettleblack,Lannister,,,,41,1,1,0,1,1,1,0
Osney Kettleblack,Lannister,,,,41,1,1,0,1,1,1,0
Ossy,Arryn,,,,41,1,0,0,0,0,1,0
Oswell Kettleblack,,,,,68,1,1,0,0,1,0,0
Othell Yarwyck,Night Watch,,,,48,1,0,1,0,1,0,1
Ottyn Wythers,Night Watch,299,3,48,13,1,0,0,1,1,0,0
Owen,Night Watch,,,,55,1,0,0,0,1,0,1
Owen Norrey,Tully,299,3,51,51,1,1,0,0,1,0,0
Oznak zo Pahl,,299,3,57,57,1,1,0,0,1,0,0
Palla,Stark,,,,46,0,0,0,1,0,0,0
Parmen Crane,Baratheon,,,,22,1,1,0,1,0,0,0
Patchface,Baratheon,,,,0,1,0,0,1,1,0,1
Pate (novice),,300,4,0,0,1,0,0,0,0,1,0
Pate (Lancewood),,299,3,34,34,1,0,0,0,1,0,0
Pate (Night Watch),Night Watch,,,,60,1,0,1,0,0,0,0
Pate (Old),,,,34,13,1,0,0,0,1,0,0
Patrek of King Mountain,Baratheon,300,5,69,44,1,1,0,0,0,0,1
Patrek Mallister,Tully,,,,28,1,1,1,0,1,0,0
Paxter Redwyne,Tyrell,,,,65,1,1,0,1,1,1,0
Pello,,,,,17,1,0,0,0,1,0,0
Penny,,,,,60,0,0,0,0,1,0,1
Perros Blackmont,Martell,,,,38,1,1,0,0,1,0,0
Perwyn Frey,,,,,29,1,1,1,1,0,0,0
Petyr Baelish,,,,,18,1,0,1,1,1,1,0
Petyr Frey,,300,3,,49,1,1,0,0,1,0,0
Philip Foote,Lannister,,,,65,1,1,0,1,1,0,0
Pia,,,,,30,0,0,0,1,0,1,0
Podrick Payne,Lannister,,,,62,1,1,1,1,1,1,0
Polliver,,300,3,27,26,1,0,0,1,1,0,0
Pono,,,,,68,1,1,1,0,0,0,0
Porridge,Baratheon,,,,25,1,0,0,0,1,0,0
Porther,Stark,299,2,21,22,1,0,1,1,0,0,0
Poul Pemford,Tully,299,2,39,39,1,0,0,1,0,0,0
Poxy Tym,Stark,299,2,69,16,1,0,0,1,0,0,0
Praed,,299,2,9,5,1,0,0,1,0,0,0
Prendahl na Ghezn,,299,3,42,42,1,0,0,0,1,0,0
Preston Greenfield,Baratheon,299,2,41,43,1,0,1,1,0,0,0
Pyat Pree,,,,,12,1,1,0,1,0,0,0
Pycelle,Lannister,300,5,,20,1,0,1,1,1,1,1
Pyg,,300,4,20,20,1,0,0,0,1,1,0
Pylos,Baratheon,,,,0,1,0,0,1,1,0,0
Pypar,Night Watch,,,,19,1,0,1,0,1,1,1
Qarl Shepherd,Greyjoy,,,,26,1,0,0,0,0,0,1
Qarl the Maid,Greyjoy,,,,42,1,0,0,1,0,1,1
Qezza,,,,,2,0,0,0,0,0,0,1
Qhorin Halfhand,Night Watch,299,2,68,43,1,0,0,1,0,0,0
Qotho,,298,1,61,11,1,0,1,0,0,0,0
Quaithe,,,,,12,0,1,0,1,1,0,1
Quaro,Targaryen,298,1,64,50,1,0,1,0,0,0,0
Quellon Humble,Greyjoy,,,,18,1,1,0,0,0,1,0
Quent,Stark,,,,37,1,0,1,0,0,0,0
Quenten Banefort,Lannister,,,,16,1,1,0,0,0,1,0
Quentyn Martell,Martell,300,5,70,6,1,1,0,0,0,0,1
Quhuru Mo,,,,,27,1,0,0,1,0,1,0
Qyburn,Lannister,,,,64,1,0,0,1,1,1,1
Quort,Wildling,299,3,55,41,1,0,0,0,1,0,0
Qyle,Night Watch,299,2,2,2,1,0,0,1,0,0,0
Rafford,,,,,19,1,0,0,1,0,1,0
Ragnor Pyke,Greyjoy,,,,29,1,0,0,0,0,1,0
Ragwyle,Wildling,,,,68,0,0,0,1,0,0,0
Rakharo,Targaryen,,,,54,1,0,1,1,1,0,1
Ralf Kenning,Greyjoy,300,5,20,18,1,0,0,0,0,1,1
Ralf Stonehouse,Greyjoy,,,,18,1,1,0,0,0,0,1
Ralf the Limper,Greyjoy,,,,18,1,0,0,0,0,1,1
Ramsay Snow,,,,,16,1,1,0,1,0,0,1
Randa,,299,3,34,34,0,0,0,0,1,0,0
Randyll Tarly,Tyrell,,,,22,1,1,0,1,0,1,1
Rast,Night Watch,299,3,26,55,1,0,1,0,1,0,0
Ravella Swann,Tully,,,,22,0,1,0,0,1,0,0
Raymar Royce,Arryn,,,,45,1,1,0,0,1,0,0
Raymun Darry,Targaryen,298,1,55,16,1,1,1,0,0,0,0
Raymund Frey,,,,,49,1,1,0,0,1,0,0
Raynald Westerling,Stark,299,3,44,14,1,1,0,0,1,1,0
Red Alyn,Night Watch,300,3,69,55,1,0,0,0,1,0,0
Red Rolfe,Greyjoy,299,2,66,66,1,0,0,1,0,0,0
Reek,,299,2,35,16,1,0,0,1,0,0,0
Renly Baratheon,Baratheon,299,2,33,15,1,1,1,1,0,0,0
Reysen,Night Watch,,,,5,1,0,0,1,0,0,0
Reznak mo Reznak,,,,,2,1,1,0,0,0,0,1
Rhaegar Frey,,300,5,29,19,1,1,0,0,0,0,1
Rhogoro,,,,,3,1,1,1,0,0,0,0
Ricasso,Martell,,,,2,1,0,0,0,0,1,1
Richard Horpe,Baratheon,,,,17,1,1,0,0,0,0,1
Rickard Karstark,Stark,299,3,20,53,1,1,1,1,1,0,0
Rickard Ryswell,Stark,,,,20,1,1,0,0,0,0,1
Rickon Stark,Stark,,,,7,1,1,1,1,0,0,0
Rigney,,,,,11,1,0,0,0,0,1,0
Robar Royce,Baratheon,299,2,6,29,1,1,1,1,1,0,0
Robb Stark,Stark,299,3,51,1,1,1,1,1,1,0,0
Robert Baratheon,Baratheon,298,1,47,4,1,1,1,0,0,0,0
Robert Arryn,Arryn,,,,40,1,1,1,0,1,1,0
Robett Glover,Stark,,,,53,1,1,1,1,0,0,1
Robin Flint,Stark,299,3,51,63,1,1,1,1,1,0,0
Robin Moreland,Lannister,,,,16,1,1,0,0,0,1,0
Robin Ryger,Tully,,,,7,1,1,0,1,1,1,0
Rodrik Cassel,Stark,299,2,66,7,1,1,1,1,0,0,0
Rodrik Harlaw,Greyjoy,,,,11,1,1,0,0,0,1,0
Rodrik Ryswell,,,,,32,1,1,0,0,0,0,1
Roger Hogg,Lannister,,,,27,1,1,0,0,0,1,0
Roger Ryswell,Stark,,,,20,1,1,0,0,0,0,1
Roland Crakehall (Lord),Lannister,,,,32,1,1,0,1,0,0,0
Rolder,Lannister,,,,21,1,0,0,0,0,1,0
Rolfe,Greyjoy,,,,24,1,0,0,1,0,0,0
Rollam Westerling,Stark,,,,14,1,1,0,0,1,0,0
Rolfe the Dwarf,Greyjoy,300,5,26,26,1,0,0,0,0,0,1
Rolley,Night Watch,299,3,33,0,1,0,0,0,1,0,0
Rolly Duckfield,Targaryen,,,,8,1,0,0,0,0,0,1
Rolph Spicer,Lannister,,,,14,1,1,0,0,1,0,0
Romny Weaver,Greyjoy,,,,18,1,1,0,0,0,1,0
Ronald Storm,,,,,61,1,0,0,0,0,0,1
Ronnel Harclay,Night Watch,,,,48,1,1,0,0,1,0,0
Ronnet Connington,Baratheon,,,,22,1,1,0,1,0,1,1
Roose Bolton,Stark,,,,33,1,1,1,1,1,0,1
Roose Ryswell,,,,,32,1,1,0,0,0,0,1
Rorge,,300,4,37,1,1,0,0,1,1,1,0
Roslin Frey,,,,,35,0,1,0,0,1,0,0
Rowan,Wildling,300,5,69,37,1,0,0,0,0,0,1
Rudge,Night Watch,,,,60,1,0,1,0,0,0,0
Rusty Flowers,Night Watch,,,,7,1,0,0,0,0,0,1
Ryger Rivers,,,,,59,1,0,1,0,0,0,0
Ryk,Wildling,,,,7,1,0,0,0,1,0,0
Rupert Brax,Lannister,299,2,32,32,1,0,0,1,0,0,0
Ryman Frey,,300,4,44,14,1,1,0,0,1,1,0
Rymolf Stormdrunk,Greyjoy,,,,24,1,0,0,1,0,0,0
Ryon Allyrion,Martell,,,,38,1,1,0,0,1,0,1
Salladhor Saan,Baratheon,,,,0,1,1,0,1,1,0,0
Sallor,,299,3,42,42,1,0,0,0,1,0,0
Samwell Tarly,Night Watch,,,,70,1,1,1,1,1,1,1
Sandor Clegane,,300,4,31,7,1,1,1,1,1,1,0
Sawane Botley,Greyjoy,299,4,18,1,1,1,0,0,0,1,0
Sansa Stark,Stark,,,,7,0,1,1,1,1,1,0
Sarella Sand,Martell,,,,2,0,0,0,0,0,1,0
Sarra Frey,,,,,49,0,1,0,0,1,0,0
Satin,Night Watch,,,,6,1,0,0,1,1,0,1
Sawwood,Night Watch,,,,0,1,0,0,0,1,0,0
Sedgekins,,,,,50,1,0,0,0,1,0,0
Selyse Florent,Baratheon,,,,0,0,1,0,1,1,0,1
Senelle,Lannister,300,4,24,3,0,0,0,0,0,1,0
Serra Frey,,,,,49,0,1,0,0,1,0,0
Shadrich,,,,,4,1,0,0,0,0,1,0
Shae,Lannister,300,3,77,62,0,0,1,1,1,0,0
Shagga,Lannister,,,,39,1,0,1,1,0,0,0
Shagwell,,300,4,20,30,1,0,0,1,1,1,0
Sharna,,,,,11,0,0,0,0,1,0,0
Shireen Baratheon,Baratheon,,,,0,0,1,0,1,1,0,1
Shirei Frey,,,,,49,0,1,0,0,1,0,0
Shyra Errol,Baratheon,300,4,,42,0,1,0,1,0,0,0
Sigfry Stonetree,Greyjoy,,,,19,1,1,0,0,0,1,0
Skahaz mo Kandaq,,,,,2,1,1,0,0,0,0,1
Skinner,,,,,12,1,0,0,0,0,0,1
Small Paul,Night Watch,299,3,18,0,1,0,0,0,1,0,0
Softfoot,Night Watch,299,3,18,0,1,0,0,0,1,0,0
Sour Alyn,,,,,12,1,0,0,0,0,0,1
Spare Boot,Night Watch,,,,55,1,0,0,0,1,0,0
Spotted Cat,,,,,11,1,0,0,0,0,0,1
Spotted Pate of Maidenpool,Night Watch,299,3,55,0,1,0,0,0,1,0,0
Squint,Greyjoy,299,2,50,50,1,0,0,1,0,0,0
Squirrel,Wildling,300,5,69,37,0,0,0,0,0,0,1
Stalwart Shield,Targaryen,300,5,2,2,1,0,0,0,0,0,1
Steelskin,,,,,11,1,0,0,0,0,0,1
Steffon Swyft,Lannister,,,,27,1,1,0,0,0,1,0
Stevron Frey,Stark,299,2,35,59,1,1,1,1,0,0,0
Stiv,Wildling,298,1,37,37,1,0,1,0,0,0,0
Stone Thumbs,Wildling,299,3,55,41,1,0,0,0,1,0,0
Stonesnake,Night Watch,,,,43,1,0,0,1,0,0,0
Stygg,Greyjoy,,,,37,1,0,0,1,0,0,0
Styr,Wildling,300,3,26,7,1,1,0,0,1,0,0
Sybassion,,,,,63,1,0,0,1,0,0,0
Sybell Spicer,Lannister,,,,14,0,1,0,0,1,1,0
Sybelle Glover,Stark,,,,26,0,1,0,0,0,0,1
Sylva Santagar,Martell,,,,21,0,1,0,0,0,1,0
Symon Silver Tongue,Lannister,299,3,32,44,1,0,0,1,1,0,0
Symon Stripeback,Targaryen,,,,70,1,0,0,0,0,0,1
Symond Frey,,300,5,29,19,1,1,0,0,0,0,1
Symond Templeton,Arryn,,,,10,1,1,0,0,0,1,0
Syrio Forel,Stark,298,1,50,22,1,0,1,0,0,0,0
Taena of Myr,Lannister,,,,6,0,1,0,0,1,1,0
Tal Toraq,Targaryen,,,,70,1,0,0,0,0,0,1
Tallad,Lannister,,,,17,1,0,0,1,1,1,0
Tanda Stokeworth,Lannister,300,4,32,2,0,1,0,1,1,0,0
Tanton Fossoway,Baratheon,,,,22,1,1,0,1,0,0,0
Ternesio Terys,,,,,74,1,0,0,0,1,0,0
Terrance Lynderly,Arryn,,,,41,1,1,0,0,0,1,0
The Red Lamb,Targaryen,,,,67,1,0,0,0,0,0,1
Theo Frey,,,,,29,1,1,1,0,0,0,0
Theodan Wells,Stark,,,,43,1,1,0,0,0,1,1
Theomore Lannister,,,,,19,1,1,0,0,0,0,1
Theon Greyjoy,Greyjoy,,,,1,1,1,1,1,0,0,1
Thistle,Wildling,300,5,0,0,0,0,0,0,0,0,1
Thoren Smallwood,Night Watch,299,3,18,6,1,1,0,1,1,0,0
Thoros,,,,,29,1,0,1,0,1,1,0
Three Toes,,,,,44,1,0,0,0,1,0,0
Three-Tooth,Greyjoy,,,,11,0,0,0,0,0,1,0
Tickler,Lannister,300,3,74,26,1,0,0,1,1,0,0
Tim Tangletongue,Night Watch,,,,69,1,0,0,0,1,0,0
Timeon,,300,4,20,21,1,0,0,0,1,1,0
Timett,Lannister,,,,56,1,0,1,1,0,0,0
Timon,Baratheon,,,,65,1,0,0,1,0,0,0
Tion Frey,Lannister,299,3,20,20,0,1,0,0,1,0,0
Tobho Mott,,,,,27,1,0,1,0,1,0,0
Todder,Night Watch,,,,19,1,0,1,0,1,0,1
Todric,Greyjoy,299,2,37,37,1,0,0,1,0,0,0
Tom of Sevenstreams,,,,,13,1,0,0,0,1,1,0
Tomard,Stark,298,1,49,22,1,0,1,0,0,0,0
Tormund,Wildling,,,,7,1,1,0,0,1,0,1
Torrek,,,,,42,1,0,1,0,0,0,0
Torrhen Karstark,Stark,298,1,63,53,1,1,1,0,0,0,0
Tothmure,Lannister,299,2,64,30,1,0,0,1,0,0,0
Tregar,Lannister,298,1,39,35,1,0,1,0,0,0,0
Tremond Gargalen,Martell,,,,38,1,1,0,0,1,0,1
Tristifer Botley,Greyjoy,,,,11,1,1,0,0,0,1,1
Triston Sunderland,Lannister,,,,9,1,1,0,0,0,0,1
Tuffleberry,,,,,38,1,0,0,1,0,0,0
Tumberjon,Night Watch,,,,0,1,0,0,0,1,0,0
Tumco Lho,Targaryen,,,,67,1,0,0,0,0,0,1
Tybero Istarion,,,,,66,1,0,0,0,0,0,1
Tycho Nestoris,,,,,44,1,0,0,0,0,0,1
Tyene Sand,Martell,,,,38,0,1,0,0,0,1,1
Tymor,Greyjoy,299,2,66,37,1,0,0,1,0,0,0
Tyrek Lannister,Lannister,299,2,41,30,1,1,1,1,0,0,0
Tyrion Lannister,Lannister,,,,4,1,1,1,1,1,0,1
Tyta Frey,,,,,49,0,1,0,0,1,0,0
Tytos Blackwood,Tully,,,,56,1,1,1,0,1,0,1
Tytos Brax,Lannister,,,,63,1,1,1,1,0,0,0
Tytos Frey,,299,3,,,1,1,0,0,1,0,0
Tywin Lannister,Lannister,300,3,77,42,1,1,1,1,1,0,0
Ulf son of Umar,Lannister,298,1,62,56,1,0,1,0,0,0,0
Ulf the Ill,Greyjoy,299,2,66,66,1,0,0,1,0,0,0
Ulmer,Night Watch,,,,33,1,0,0,0,1,0,1
Ulwyck Uller,Martell,,,,38,1,1,0,0,1,0,1
Umar,,,,,56,1,0,1,0,0,0,0
Umfred,,,,,68,1,0,0,0,1,0,0
Unella,,,,,43,1,0,0,0,0,1,0
Urreg,Night Watch,299,2,19,14,1,0,0,1,0,0,0
Urswyck,,,,,21,1,0,0,0,1,0,0
Utherydes Wayn,Tully,,,,71,1,0,1,1,1,0,0
Utt,,299,3,39,30,1,0,0,1,1,0,0
Val,Wildling,,,,7,0,0,0,0,1,0,1
Varamyr,Wildling,300,5,0,15,1,0,0,0,1,0,1
Vardis Egen,Arryn,298,1,40,34,1,0,1,0,0,0,0
Vargo Hoat,,300,3,20,30,1,0,0,1,1,0,0
Varys,Targaryen,,,,25,1,0,1,1,1,0,1
Vayon Poole,Stark,298,1,21,7,1,0,1,1,0,0,0
Victarion Greyjoy,Greyjoy,,,,24,1,1,0,1,0,1,1
Viserys Targaryen,Targaryen,298,1,46,3,1,1,1,0,0,0,0
Vylarr,Lannister,,,,3,1,0,0,1,0,0,0
Vyman,Tully,,,,55,1,0,0,1,1,1,0
Waif,,,,,6,0,0,0,0,0,1,1
Walda Rivers (daughter of Aemon),,,,,49,0,1,0,0,1,0,0
Walder Frey,,,,,28,1,1,1,0,1,0,0
Walder Rivers,,,,,35,1,1,0,0,1,1,0
Wallen,Wildling,298,1,37,37,1,0,1,0,0,0,0
Walton,,,,,64,1,0,0,1,1,0,1
Wat (orphan),,,,,37,1,0,0,0,0,1,0
Wat (sailor),,,,,34,1,0,0,0,0,1,0
Watt,Night Watch,299,3,75,69,1,0,0,0,1,0,0
Watty,,,,,39,1,0,0,0,1,0,0
Waymar Royce,Night Watch,297,1,0,0,1,1,1,0,0,0,0
Wayn (guard),Stark,,,,37,1,0,1,0,0,0,0
Weasel,,,,,9,0,0,0,1,0,0,0
Weeper,Wildling,,,,7,1,1,0,0,1,0,0
Weese,Lannister,299,2,38,26,1,0,0,1,0,0,0
Wendel Manderly,Stark,299,3,51,55,1,1,1,1,1,0,0
Wendello Qar Deeth,,,,,40,1,1,0,1,0,0,0
Werlag,Greyjoy,299,2,66,37,1,0,0,1,0,0,0
Wex Pyke,Stark,,,,24,1,0,0,1,0,0,1
Whalen Frey,,,,,59,1,1,1,0,1,0,0
Wilbert,Stark,298,3,29,29,1,0,0,0,1,0,0
Will,Night Watch,297,1,0,0,1,0,1,0,0,0,0
Will (orphan),,,,,37,1,0,0,0,0,1,0
Willam Wells,Martell,300,5,6,6,1,0,0,0,0,0,1
Willem Lannister,Lannister,299,3,20,19,1,1,0,0,1,0,0
William Mooton,Tully,,,,14,1,1,0,0,0,1,0
Willis Wode,Arryn,,,,31,1,1,1,0,0,0,0
Willit,Lannister,,,,65,1,0,0,1,0,0,0
Willow Witch-eye,Wildling,300,5,69,37,0,0,0,0,0,0,1
Willum,Tully,,,,43,1,0,1,0,0,0,0
Woth,Night Watch,299,2,14,14,1,0,0,1,0,0,0
Wulfe,Greyjoy,,,,29,1,0,0,0,0,1,1
Wun Weg Wun Dar Wun,Wildling,,,,35,1,0,0,0,0,0,1
Wyl (guard),Stark,298,1,35,35,1,0,1,0,0,0,0
Wyl the Whittler,,299,3,34,34,1,0,0,0,1,0,0
Wylis Manderly,Stark,,,,55,1,1,1,1,0,1,0
Wylla Manderly,Stark,,,,19,0,1,0,0,0,0,1
Wyman Manderly,Stark,,,,16,1,1,0,1,0,0,1
Wynafryd Manderly,Stark,,,,19,1,1,0,0,0,0,1
Wynton Stout,Night Watch,,,,41,1,0,0,0,1,0,0
Xaro Xhoan Daxos,,,,,12,1,1,0,1,0,0,1
Xhondo,,,,,26,1,0,0,0,0,1,0
Yandry,Targaryen,,,,8,1,0,0,0,0,0,1
Yellow Dick,,300,5,46,12,1,0,0,0,0,0,1
Ygon Farwynd,Greyjoy,,,,19,1,1,0,0,0,1,0
Ygritte,Wildling,299,3,55,51,0,0,0,1,1,0,0
Yohn Farwynd,Greyjoy,,,,19,1,1,0,0,0,1,0
Yohn Royce,Arryn,,,,29,1,1,1,0,0,1,0
Yoren,Night Watch,299,2,19,13,1,0,1,1,0,0,0
Young Henly,Night Watch,299,3,55,55,1,0,0,0,1,0,0
Ysilla,Targaryen,,,,8,1,0,0,0,0,0,1
Zei,Stark,,,,64,0,0,0,0,1,0,0
Zollo,,,,,21,1,0,0,0,1,0,0
Yurkhaz zo Yunzak,,300,5,59,47,1,0,0,0,0,0,1
Yezzan Zo Qaggaz,,300,5,57,25,1,1,0,0,0,0,1
Torwynd the Tame,Wildling,300,5,73,73,1,0,0,0,1,0,0
Talbert Serry,Tyrell,300,4,29,29,1,1,0,0,0,1,0